[{
  "_id": {
    "$oid": "633f2999f1c30b76a5540600"
  },
  "name": "ssd",
  "score": 2,
  "_class": "com.ssafy.gganbu.model.MatchSkill"
},{
  "_id": {
    "$oid": "633f79267509155db96365c3"
  },
  "name": "김지수",
  "score": 11,
  "_class": "com.ssafy.gganbu.model.MatchSkill"
},{
  "_id": {
    "$oid": "633f79d97509155db96365c4"
  },
  "name": "최영선",
  "score": 21,
  "_class": "com.ssafy.gganbu.model.MatchSkill"
},{
  "_id": {
    "$oid": "633f7bf9be3c1a75ec620dd3"
  },
  "name": "김지수",
  "score": 12,
  "_class": "com.ssafy.gganbu.model.MatchSkill"
},{
  "_id": {
    "$oid": "633f82025f5e873ed2001e2a"
  },
  "name": "아아",
  "score": 4,
  "_class": "com.ssafy.gganbu.model.MatchSkill"
},{
  "_id": {
    "$oid": "633f82265f5e873ed2001e2b"
  },
  "name": "ㅇㄹㅇ",
  "score": 6,
  "_class": "com.ssafy.gganbu.model.MatchSkill"
},{
  "_id": {
    "$oid": "633f83985f5e873ed2001e2c"
  },
  "name": "dsd",
  "score": 6,
  "_class": "com.ssafy.gganbu.model.MatchSkill"
},{
  "_id": {
    "$oid": "633f8486f049e1790e811ecc"
  },
  "name": "아아",
  "score": 9,
  "_class": "com.ssafy.gganbu.model.MatchSkill"
},{
  "_id": {
    "$oid": "633f8583f049e1790e811ecd"
  },
  "name": "강석민",
  "score": 3,
  "_class": "com.ssafy.gganbu.model.MatchSkill"
},{
  "_id": {
    "$oid": "633f859cf049e1790e811ece"
  },
  "name": "남현우",
  "score": 3,
  "_class": "com.ssafy.gganbu.model.MatchSkill"
},{
  "_id": {
    "$oid": "633f8600f049e1790e811ecf"
  },
  "name": "박무창",
  "score": 8,
  "_class": "com.ssafy.gganbu.model.MatchSkill"
},{
  "_id": {
    "$oid": "633f861ff049e1790e811ed0"
  },
  "name": "너개모타잖아",
  "score": 11,
  "_class": "com.ssafy.gganbu.model.MatchSkill"
},{
  "_id": {
    "$oid": "633f8655f049e1790e811ed1"
  },
  "name": "진짜강석민",
  "score": 17,
  "_class": "com.ssafy.gganbu.model.MatchSkill"
},{
  "_id": {
    "$oid": "633f8670f049e1790e811ed2"
  },
  "name": "최진욱",
  "score": 11,
  "_class": "com.ssafy.gganbu.model.MatchSkill"
},{
  "_id": {
    "$oid": "633f86b2f049e1790e811ed3"
  },
  "name": "진짜강석민",
  "score": 20,
  "_class": "com.ssafy.gganbu.model.MatchSkill"
},{
  "_id": {
    "$oid": "633f8a89d3e7ad5640d1adf0"
  },
  "name": "진짜강석민",
  "score": 18,
  "_class": "com.ssafy.gganbu.model.MatchSkill"
}]